task,episode,method,success,chunk,action_start_step,action_end_step,source,semantic_key,action_text,evaluator_score,step_reward,discounted_return,selected_advantage,choice_changed,augmentation_changed_choice,evaluator_result
libero_90_task79,9,jitrl,0,0,0,30,memory,align|black_book|gripper,align the open gripper above the black book,1,0.3333333333333333,3.5453673940091135,0.006280637437009803,1,1,"The robot successfully lowers its open gripper from an elevated position to align over the black book, completing the approach phase effectively."
libero_90_task79,9,jitrl,0,1,30,60,generator,grasp|black_book|gripper,close the gripper around the black book,2,0.6666666666666666,3.381088484921874,-1.0,0,0,"The gripper successfully closes around the black book, establishing contact to grasp the object for subsequent movement."
libero_90_task79,9,jitrl,0,2,60,90,generator,lift|black_book|caddy,lift the black book toward the caddy,2,0.6666666666666666,2.857286124479166,-1.0,0,0,"The robot successfully lifts the black book higher and positions it above the caddy, making clear progress toward placing it in the target compartment."
libero_90_task79,9,jitrl,0,3,90,120,generator,move|black_book|left_compartment,move the black book over the left compartment of the caddy,2,0.6666666666666666,2.3059152187499996,-0.4079461301605847,0,0,"The robot arm moves the black book leftward from the right side of the caddy, successfully aligning it closer to the target left compartment."
libero_90_task79,9,jitrl,0,4,120,150,generator,lower|held_object|left_compartment,lower the held object into the left compartment,2,0.6666666666666666,1.7255247916666665,-0.4489409258911583,0,0,"The robot successfully lowers the black book toward the left compartment of the caddy, making clear progress toward placement."
libero_90_task79,9,jitrl,0,5,150,180,memory,place|held_object|left_slot,place the held object inside the left slot,0,0.0,1.1145874999999998,0.8948622362632934,1,1,The robot did not release the book into the target left compartment; it remains held by the gripper over the middle section.
libero_90_task79,9,jitrl,0,6,180,210,memory,open|gripper|left_compartment,open the gripper to place the object in the left compartment,0,0.0,1.17325,-0.7758715833681776,0,1,The book was released into the middle compartment instead of the target left compartment of the caddy.
libero_90_task79,9,jitrl,0,7,210,240,generator,raise|gripper|object,raise the gripper away from the placed object,0,0.0,1.2349999999999999,-1.0,0,0,"The robot raises its gripper after leaving the book in the middle caddy compartment instead of the left compartment. Because the object is in the wrong compartment, this action provides no progress toward the task goal."
libero_90_task79,9,jitrl,0,8,240,270,memory,align|black_book|gripper,align the open gripper above the black book,2,0.6666666666666666,1.2999999999999998,-0.3251472721239121,1,1,"The robot arm lowers and adjusts its alignment directly over the upright black book in the caddy, successfully executing the approach subtask."
libero_90_task79,9,jitrl,0,9,270,300,memory,close|black_book|gripper,close the gripper around the black book,2,0.6666666666666666,0.6666666666666666,0.8630703697928638,1,1,"The robot successfully closes its gripper around the black book, establishing a secure grasp. This is clear progress toward picking up and relocating the book."
libero_90_task79,9,jitrl,0,10,300,330,memory,place|held_object|left_compartment,place the held object inside the left compartment,0,0.0,0.0,0.21304768459164525,0,1,"The action attempt failed to place or release the book into the target left compartment. The book remains held by the gripper above the incorrect side of the caddy, yielding no visual completion or valid progress for the placement subtask."
libero_90_task79,9,jitrl,0,11,330,360,memory,lower|held-object|left-compartment,lower the held object into the left compartment,0,0.0,0.0,-0.8858911660368755,0,1,"The action shows minimal movement while holding the book over the right compartment rather than the targeted left compartment, providing no meaningful progress toward placing it in the correct target."
libero_90_task79,9,jitrl,0,12,360,390,memory,translate_left|held_book|left_compartment,translate left and position over the left compartment,0,0.0,0.0,0.6421632236036946,0,1,"The robot did not translate left toward the target left compartment, remaining over the right side of the caddy."
libero_90_task79,9,jitrl,0,13,390,400,generator,translate|held_object|left_compartment,translate left toward the left compartment of the caddy,0,0.0,0.0,0.7857517024620221,1,1,"The robot attempted to translate left toward the target compartment, but visual evidence shows no noticeable movement or displacement between the before and after states. As the action produced no progress toward the goal, it is evaluated as ineffective."
libero_90_task79,9,static,0,0,0,30,generator,lower|gripper|upright_book,lower the gripper over the upright book,,,0.0,0.0,0,0,
libero_90_task79,9,static,0,1,30,60,generator,grasp|black_book|none,close the gripper around the black book,,,0.0,0.0,0,0,
libero_90_task79,9,static,0,2,60,90,generator,lift|held_object|above_table,lift the held object upward,,,0.0,0.0,0,0,
libero_90_task79,9,static,0,3,90,120,generator,move|book|left_compartment,move the book over the left compartment of the caddy,,,0.0,0.0,0,0,
libero_90_task79,9,static,0,4,120,150,generator,place|held_item|left_section,place the held item into the left section of the caddy,,,0.0,0.0,0,0,
libero_90_task79,9,static,0,5,150,180,generator,lower|carried_item|left_section,lower the carried item into the left section of the caddy,,,0.0,0.0,0,0,
libero_90_task79,9,static,0,6,180,210,generator,place|held-item|left-compartment,place the held item into the left compartment of the caddy,,,0.0,0.0,0,0,
libero_90_task79,9,static,0,7,210,240,generator,place|book|left-compartment-of-caddy,place the book in the left compartment of the caddy,,,0.0,0.0,0,0,
libero_90_task79,9,static,0,8,240,270,generator,place|book|left_compartment,release the book inside the left compartment of the caddy,,,0.0,0.0,0,0,
libero_90_task79,9,static,0,9,270,300,generator,lower|gripper|left_section,lower the gripper into the left section,,,0.0,0.0,0,0,
libero_90_task79,9,static,0,10,300,330,generator,lower|held_object|left_compartment,lower the held object into the left compartment,,,0.0,0.0,0,0,
libero_90_task79,9,static,0,11,330,360,generator,release|book|left_compartment,release the book inside the left compartment,,,0.0,0.0,0,0,
libero_90_task79,9,static,0,12,360,390,generator,carry|object|left_compartment,carry the object toward the left compartment of the caddy,,,0.0,0.0,0,0,
libero_90_task79,9,static,0,13,390,400,generator,carry|held_object|left_compartment,carry the held object toward the left section of the caddy,,,0.0,0.0,0,0,
