task,episode,method,success,chunk,action_start_step,action_end_step,source,semantic_key,action_text,evaluator_score,step_reward,discounted_return,selected_advantage,choice_changed,augmentation_changed_choice,evaluator_result
libero_90_task69,4,jitrl,0,0,0,30,memory,retract|arm|table,retract the arm away from the object on the table,0,0.0,3.88334036048854,-0.27886037772192546,0,1,"The arm retracted slightly without interacting with or moving the target chocolate pudding box, yielding no task-relevant progress."
libero_90_task69,4,jitrl,0,1,30,60,generator,approach|small_box|table_left,reach toward the small box on the left,0,0.0,4.087726695251095,0.24404479099159673,0,0,The gripper adjusts slightly above the cups without making visual progress toward reaching the chocolate pudding box on the left. The action is ineffective.
libero_90_task69,4,jitrl,0,2,60,90,generator,reach|chocolate_pudding_box|table_left,reach toward the chocolate pudding box,1,0.3333333333333333,4.302870205527468,-0.8191861862226149,0,0,"The robot arm moved leftward from above the cups toward the center, bringing the gripper closer to the chocolate pudding box and making progress on the subtask."
libero_90_task69,4,jitrl,0,3,90,120,memory,lower|held_cup|table_left,lower the held cup onto the table on the left,2,0.6666666666666666,4.178459865467511,0.37394613708205426,1,1,"The robot successfully lowered and released the cup onto the saucer, clearing the gripper to proceed with the main task."
libero_90_task69,4,jitrl,0,4,120,150,memory,place|held-item|left-table-surface,place the held item onto the table surface on the left,1,0.3333333333333333,3.696624419790363,-0.5077258859867679,1,1,"The robot successfully released/cleared from the cup and positioned its open gripper directly above the chocolate pudding box, aligning it for the upcoming grasp needed to complete the task."
libero_90_task69,4,jitrl,0,5,150,180,generator,grasp|item|gripper,close the gripper around the item below,2,0.6666666666666666,3.5403064067968733,-1.0,0,0,"The robot successfully closes its gripper around the chocolate pudding box, establishing a firm grasp required for transporting the object."
libero_90_task69,4,jitrl,0,6,180,210,generator,move|chocolate-pudding|left-of-saucer,move the chocolate pudding to the left of the saucer,2,0.6666666666666666,3.0248839369791654,-0.6078220715317373,0,1,The robot successfully moved the held chocolate pudding box closer to the target region to the left of the saucer.
libero_90_task69,4,jitrl,0,7,210,240,generator,release|chocolate_pudding|table,release the chocolate pudding onto the table,0,0.0,2.482333968749999,-0.5225636678740704,0,0,"The robot failed to open its gripper or release the chocolate pudding box onto the table. The object remains grasped without visual change, resulting in no task progress."
libero_90_task69,4,jitrl,0,8,240,270,generator,move|arm|saucer,move the arm back away from the saucer,2,0.6666666666666666,2.612983124999999,-1.0,1,0,The robot arm successfully retracts upwards and away from the placed chocolate pudding box without disturbing its placement.
libero_90_task69,4,jitrl,0,9,270,300,memory,lower|held_cup|table_left,lower the held cup onto the table on the left,0,0.0,2.048754166666666,0.9022187956439155,1,1,"The selected subtask is completely incorrect ('lower the held cup onto the table on the left' when no cup is held), and the robot merely lifts/retracts its empty gripper without achieving any task progress. Therefore, this step is ineffective and receives a score of 0."
libero_90_task69,4,jitrl,0,10,300,330,memory,lower|held_cup|table_left,lower the held cup onto the table on the left,2,0.6666666666666666,2.156583333333333,0.6352841398253373,1,1,"The gripper successfully lowers onto the chocolate pudding box to establish contact for grasping, making clear progress toward placing it left of the plate."
libero_90_task69,4,jitrl,0,11,330,360,generator,lower|box|left_of_saucer,lower the held box onto the table area to the left of the saucer,1,0.3333333333333333,1.5683333333333331,-0.5540926112853454,0,0,The robot continues holding the chocolate pudding box near the saucer without releasing it onto the surface. The action shows minimal movement and no completed placement.
libero_90_task69,4,jitrl,0,12,360,390,generator,release|held_box|table_left_of_plate,release the held box onto the table to the left of the plate,2,0.6666666666666666,1.2999999999999998,-1.0,0,0,"The robot opened its gripper, releasing the chocolate pudding box onto the table surface to the left of the saucer."
libero_90_task69,4,jitrl,0,13,390,400,generator,open|gripper|box,open the gripper fully to release the box,2,0.6666666666666666,0.6666666666666666,-0.9863841064736701,0,0,"The robot opens its gripper fully, successfully releasing the chocolate pudding box onto the table surface to the left of the plate."
libero_90_task69,4,static,0,0,0,30,generator,grasp|chocolate_pudding|table,descend to grasp the chocolate pudding,,,0.0,0.0,0,0,
libero_90_task69,4,static,0,1,30,60,generator,align|chocolate_pudding|table,align gripper with the chocolate pudding box,,,0.0,0.0,0,0,
libero_90_task69,4,static,0,2,60,90,generator,approach|rectangular_object|left_table,approach the small rectangular object on the left,,,0.0,0.0,0,0,
libero_90_task69,4,static,0,3,90,120,generator,lower|gripper|chocolate_pudding_box,lower the gripper toward the small chocolate pudding box,,,0.0,0.0,0,0,
libero_90_task69,4,static,0,4,120,150,generator,align|gripper|chocolate-pudding-box,position the gripper directly above the chocolate pudding box,,,0.0,0.0,0,0,
libero_90_task69,4,static,0,5,150,180,generator,grasp|small_box|none,close the gripper around the small box,,,0.0,0.0,0,0,
libero_90_task69,4,static,0,6,180,210,generator,carry|held_object|saucer_left,carry the held object toward the left side of the saucer,,,0.0,0.0,0,0,
libero_90_task69,4,static,0,7,210,240,generator,place|chocolate_pudding|left_of_plate,place the chocolate pudding to the left of the plate,,,0.0,0.0,0,0,
libero_90_task69,4,static,0,8,240,270,generator,place|chocolate-pudding|left-of-plate,place the chocolate pudding to the left of the plate,,,0.0,0.0,0,0,
libero_90_task69,4,static,0,9,270,300,generator,place|small_box|left_of_saucer,place the small box to the left of the saucer,,,0.0,0.0,0,0,
libero_90_task69,4,static,0,10,300,330,generator,place|chocolate-pudding|left-of-plate,place the chocolate pudding to the left of the plate,,,0.0,0.0,0,0,
libero_90_task69,4,static,0,11,330,360,generator,descend|gripper|object,descend toward the object on the table,,,0.0,0.0,0,0,
libero_90_task69,4,static,0,12,360,390,generator,grasp|chocolate_pudding|gripper,close the gripper around the chocolate pudding box,,,0.0,0.0,0,0,
libero_90_task69,4,static,0,13,390,400,generator,move|held_object|left_of_plate,move the held object to the left of the plate,,,0.0,0.0,0,0,
